Country,Life_expectancy_at_birth_2022_(years),Expected_years_of_schooling_2022_(years),Mean_years_of_schooling_2022_(years),Gross_national_income_(GNI)_per_capita_(2017_PPP_$),Class
Switzerland,84.255,16.5837307,13.90406622,69432.78669,4
Norway,83.393,18.63846016,13.06234279,69189.76165,4
Iceland,82.815,19.10672951,13.76716995,54688.37921,4
Hong_Kong_China_SAR,84.315,17.8495903,12.34776974,62485.50516,4
Denmark,81.882,18.77403069,12.96049023,62018.95694,4
Sweden,83.505,19.03676987,12.67372015,56995.84796,4
Germany,80.989,17.34334946,14.25594044,55340.19722,4
Ireland,82.716,19.12610054,11.6569568,87467.51391,4
Singapore,84.133,16.90273094,11.92488003,88761.14559,4
Australia,83.579,21.0800209,12.72681999,49257.1352,4
Netherlands,82.451,18.58348083,12.58162975,57278.31015,4
Belgium,82.293,18.94573975,12.52857789,53644.03854,4
Finland,82.351,19.22859001,12.92915501,49522.09853,4
Liechtenstein,84.656,15.46640015,12.351169,146673.2415,4
United_Kingdom,82.156,17.6342907,13.4061203,46623.90269,4
New_Zealand,83.006,19.68234062,12.94468975,43665.49848,4
United_Arab_Emirates,79.196,17.20813942,12.77375031,74103.71494,4
Canada,82.847,15.96065044,13.86876597,48444.39319,4
Korea_Republic_of,84.024,16.50964928,12.61409234,46026.4542,4
Luxembourg,82.591,14.19705009,12.9600811,78554.2364,4
United_States,78.203,16.41274071,13.57549953,65564.93798,4
Austria,82.412,16.36746025,12.30571367,56529.66329,4
Slovenia,82.133,17.40657997,12.88015724,41586.89849,4
Japan,84.82,15.45631981,12.66923046,43643.86417,4
Israel,82.601,15.02984047,13.44279092,43588.25725,4
Malta,83.704,15.86133957,12.21026039,44464.03057,4
Spain,83.912,17.80905914,10.60540009,40043.33773,4
France,83.229,15.98756027,11.68859246,47378.74304,4
Cyprus,81.889,16.24308968,12.44017029,40136.89453,4
Italy,84.057,16.65806007,10.7401104,44284.15735,4
Estonia,79.155,15.94297981,13.54843044,37151.63384,4
Czechia,78.129,16.3472805,12.91605342,39944.66682,4
Greece,80.614,20.02638054,11.40853024,31381.667,4
Bahrain,79.246,16.29968071,11.04658985,48731.44564,4
Andorra,83.552,12.7837801,11.61343956,54233.44948,4
Poland,76.996,15.93451977,13.1647501,35150.9519,4
Latvia,75.927,16.55606079,13.33330305,32082.98104,4
Lithuania,74.293,16.39982986,13.49810028,38131.23588,4
Croatia,79.236,15.57269955,12.32871821,34323.80663,4
Qatar,81.559,13.26426983,10.1317219,95944.37754,4
Saudi_Arabia,77.905,15.17204484,11.31052971,50620.43706,4
Portugal,82.24,16.82140923,9.575940132,35314.99828,4
San_Marino,83.433,12.40295982,10.52074301,57686.54334,4
Chile,79.519,16.76792908,11.11136804,24430.99593,4
Slovakia,75.33,14.72154999,13.00719575,32171.24606,4
Türkiye,78.475,19.68494987,8.811284129,32833.53512,4
Hungary,74.958,15.07330036,12.24958992,34195.54059,4
Argentina,76.064,18.97950935,11.14408016,22047.97131,4
Kuwait,80.264,15.6911416,7.441742908,56729.18152,4
Montenegro,76.845,15.08475971,12.61621288,22513.26314,4
Saint_Kitts_and_Nevis,72.027,18.40703011,10.8494008,28441.68074,4
Uruguay,78,17.35183907,9.058219782,22206.99029,4
Romania,74.117,14.50753021,11.36019615,31641.38368,4
Antigua_and_Barbuda,79.236,15.51232774,10.54622968,18783.96536,4
Brunei_Darussalam,74.551,13.69861984,9.22,59245.63485,4
Russian_Federation,70.116,15.66174936,12.41152954,26991.84961,4
Bahamas,74.358,11.89137971,12.73161494,32534.88784,4
Panama,76.826,13.21381473,10.68696295,32029.36025,4
Oman,73.935,12.96403027,11.89274979,32967.43827,4
Georgia,71.587,16.72682953,12.70217037,15952.02452,4
Trinidad_and_Tobago,74.708,14.1010764,11.73800258,22473.03876,4
Barbados,77.706,16.53069367,9.89206168,14810.23783,4
Malaysia,76.26,12.93247032,10.74828052,27295.41224,4
Costa_Rica,77.32,16.09200378,8.804059982,20248.38031,4
Serbia,74.137,14.50444031,11.5047611,19494.00891,4
Thailand,79.68,15.58131027,8.834560711,16886.51113,4
Kazakhstan,69.489,14.81626987,12.43337895,22586.79889,4
Seychelles,71.738,13.89179039,11.19995,28385.74806,4
Belarus,73.246,13.98153019,12.24122445,18425.01061,4
Bulgaria,71.528,13.86802959,11.41318035,25920.80375,3
Palau,65.362,17.21987569,13.04790021,19343.81199,3
Mauritius,73.975,14.61009979,9.992049863,23251.62071,3
Grenada,75.335,16.58226156,9.85796464,13593.24958,3
Albania,76.833,14.48746967,10.12114431,15293.32651,3
China,78.587,15.21793605,8.106910446,18024.88747,3
Armenia,73.372,14.40561008,11.33030033,15388.29976,3
Mexico,74.832,14.50529957,9.221050262,19138.00726,3
Iran_Islamic_Republic_of,74.556,14.11717033,10.74618321,14770.32307,3
Sri_Lanka,76.61,13.64182201,11.24960995,11899.49847,3
Bosnia_and_Herzegovina,75.293,13.27705956,10.53631973,16571.41275,3
Saint_Vincent_and_the_Grenadines,68.972,16.2530213,10.99625387,14049.14799,3
Dominican_Republic,74.17,13.55698967,9.150526383,18653.26836,3
Ecuador,77.894,14.86483955,8.969750404,10693.23484,3
North_Macedonia,73.888,13.00483036,10.22815037,16395.75173,3
Cuba,78.155,14.46930027,10.54807197,7953.448426,3
Moldova_Republic_of,68.621,14.90598011,11.8338152,12963.61829,3
Maldives,80.839,12.17795095,7.762392544,18846.79219,3
Peru,73.385,14.80487907,10.01696229,11916.35952,3
Azerbaijan,73.488,12.71063042,10.55612992,15018.05443,3
Brazil,73.425,15.5788002,8.278307638,14615.89235,3
Colombia,73.659,14.43749046,8.862859726,15013.92724,3
Libya,72.151,13.977117,7.77860643,19751.56758,3
Algeria,77.129,15.48787975,6.987443608,10978.40571,3
Turkmenistan,69.41,13.24057961,11.14299353,12859.87406,3
Guyana,65.989,13.02205765,8.627408726,35782.90961,3
Mongolia,72.667,14.51719515,9.423700333,10350.86141,3
Dominica,72.981,13.55048385,9.1863441,12467.85548,3
Tonga,71.27,16.28749084,10.88028609,6360.178905,3
Jordan,74.215,12.62659427,10.44668007,9294.801499,3
Ukraine,68.564,13.32800961,11.12330123,11416.2168,3
Tunisia,74.263,14.61953746,7.953393173,10296.6496,3
Marshall_Islands,65.146,16.38606071,12.81836718,6855.234566,3
Paraguay,70.475,13.91056957,8.861840248,13161.07522,3
Fiji,68.312,13.84869,10.37096977,11233.65882,3
Egypt,70.159,12.91180992,9.84810224,12360.8163,3
Uzbekistan,71.674,11.99291039,11.91114998,8055.910265,3
Viet_Nam,74.58,13.05294705,8.455348794,10813.98273,3
Saint_Lucia,71.294,12.71032047,8.576973425,14778.3463,3
Lebanon,74.416,12.05109224,8.602969077,12313.42257,3
South_Africa,61.48,14.26364994,11.60696983,13185.56419,3
Palestine_State_of,73.444,13.15474033,9.938480377,6936.258684,3
Indonesia,68.25,13.97573724,8.556509972,12045.56544,3
Philippines,72.187,12.78335953,8.971409559,9058.840558,3
Botswana,65.913,11.42568016,10.42,14841.57836,3
Jamaica,70.629,12.45977059,9.248188719,9694.522766,3
Samoa,72.598,12.4364,11.36735585,4970.232074,3
Kyrgyzstan,70.484,12.99493027,11.96131992,4781.692046,3
Belize,70.962,12.42656994,8.847599983,9242.082259,3
Venezuela_Bolivarian_Republic_of,71.105,13.50206427,9.628154421,6184.136,2
Bolivia_Plurinational_State_of,64.928,15.02243817,9.827750206,7987.842247,2
Morocco,74.973,14.59442043,6.05,7954.522461,2
Nauru,64.014,12.56089218,9.247975,14938.55659,2
Gabon,65.694,12.43426472,9.55,11194.21884,2
Suriname,70.289,10.95909977,8.388631804,12309.99659,2
Bhutan,72.229,13.06449041,5.835794662,10624.87388,2
Tajikistan,71.288,10.86102637,11.28955089,4807.213923,2
El_Salvador,71.475,11.9099355,7.150929928,8886.173528,2
Iraq,71.336,12.22275571,6.811878947,9091.865377,2
Bangladesh,73.698,11.94633007,7.379059792,6511.122178,2
Nicaragua,74.615,12.58347787,7.26,5426.50618,2
Cabo_Verde,74.722,11.53066323,6.09003905,7601.085433,2
Tuvalu,64.854,12.10158014,10.64458626,4754.453732,2
Equatorial_Guinea,61.19,12.13132742,8.281327014,10662.65921,2
India,67.744,12.58370972,6.570700169,6950.526798,2
Micronesia_Federated_States_of,70.925,12.615048,7.33252398,3709.154916,2
Guatemala,68.674,10.76720388,5.668648013,8996.415822,2
Kiribati,67.661,11.80302,9.128581569,3440.416745,2
Honduras,70.728,9.961707633,7.296200514,5271.604988,2
Lao_Peoples_Democratic_Republic,68.999,10.18749046,5.94697053,7744.837346,2
Vanuatu,70.492,11.81160992,7.183209727,3243.980494,2
Sao_Tome_and_Principe,68.794,12.6637182,5.915788918,4054.106945,2
Eswatini_Kingdom_of,56.36,14.92692756,5.73,8391.855111,2
Namibia,58.059,11.75997928,7.243458294,9200.026599,2
Myanmar,67.256,12.06090998,6.518157697,4037.705141,2
Ghana,63.945,11.58627987,6.432318439,5380.271535,2
Kenya,62.055,11.38448201,7.686359882,4807.716317,2
Nepal,70.484,12.64451981,4.485598758,4025.554685,2
Cambodia,69.896,11.56094805,5.197100163,4291.113168,2
Congo,63.053,12.41647044,8.250552585,2902.808037,2
Angola,61.929,12.1676,5.844291601,5327.788251,2
Cameroon,60.958,13.38097793,6.537401781,3681.469988,2
Comoros,63.68,13.03771042,6.209056832,3260.555466,2
Zambia,61.803,11.01797045,7.284893177,3157.35862,2
Papua_New_Guinea,65.958,11.12736798,4.933631146,3710.326885,2
Timor-Leste,69.056,13.24177562,6.020059751,1629.160441,2
Solomon_Islands,70.742,10.30071445,5.8796802,2273.311097,2
Syrian_Arab_Republic,72.3,7.418754527,5.736797587,3594.10679,2
Haiti,63.728,11.13756869,5.609468426,2801.712516,2
Uganda,63.638,11.49553237,6.235476362,2240.585404,2
Zimbabwe,59.391,11.02558696,8.807762621,2078.918063,2
Nigeria,53.633,10.51407,7.585969925,4754.836408,1
Rwanda,67.129,11.38352013,4.878310204,2316.809277,1
Togo,61.588,12.96236085,5.590314011,2214.233649,1
Mauritania,64.691,8.051850319,4.754063344,5343.564069,1
Pakistan,66.431,7.89510849,4.422319019,5374.270423,1
Côte_dIvoire,58.916,10.10165024,4.23697763,5376.396062,1
Tanzania_United_Republic_of,66.782,8.585740089,5.639967963,2578.156006,1
Lesotho,53.036,11.07051125,7.545058784,2708.731464,1
Senegal,67.913,9.144550323,2.88736686,3463.806076,1
Sudan,65.578,8.501687381,3.87,3514.765869,1
Djibouti,62.859,8.028374362,3.889984156,4874.51828,1
Malawi,62.898,11.50487088,5.243740082,1432.472806,1
Benin,59.954,10.30257988,3.137261725,3406.072937,1
Gambia,62.906,8.977899686,4.512420177,2089.626826,1
Eritrea,66.604,7.318835512,5.09136442,1957.046464,1
Ethiopia,65.645,9.938743514,2.390854081,2368.758391,1
Liberia,61.1,10.46585369,5.318104412,1330.419917,1
Madagascar,65.23,9.213435879,4.592520237,1463.547925,1
Guinea-Bissau,59.861,10.5316806,3.673035,1879.853611,1
Congo_Democratic_Republic_of_the,59.743,9.579486913,7.206164799,1080.138308,1
Guinea,58.985,10.20014763,2.35910296,2404.165832,1
Afghanistan,62.879,10.70538475,2.514790058,1335.205733,1
Mozambique,59.625,10.72532345,3.860090017,1219.241361,1
Sierra_Leone,60.411,9.016348244,3.519426358,1612.666542,1
Burkina_Faso,59.766,8.091560364,2.318685239,2036.997179,1
Yemen,63.72,7.935313345,2.776825958,1105.763435,1
Burundi,61.977,9.966378953,3.305215598,712.0260007,1
Mali,59.417,7.037249603,1.626710057,2043.672433,1
Chad,52.997,8.185526568,2.282753488,1388.897502,1
Niger,62.08,7.186131428,1.341352433,1283.309235,1
Central_African_Republic,54.477,7.285887393,3.9531639,869.11237,1
South_Sudan,55.567,5.634770141,5.726140022,690.6607575,1
Somalia,56.107,7.647232333,1.900300026,1072.201461,1